{"initial_reset_timestamp": 1633713090.371638, "timestamps": [1633713103.4821427], "episode_lengths": [46], "episode_rewards": [46.0], "episode_types": ["t"]}