{"initial_reset_timestamp": 1633713053.2767506, "timestamps": [1633713065.5411441], "episode_lengths": [43], "episode_rewards": [43.0], "episode_types": ["t"]}