{"initial_reset_timestamp": 1633741327.6723864, "timestamps": [1633741608.1591344], "episode_lengths": [500], "episode_rewards": [500.0], "episode_types": ["t"]}