{"initial_reset_timestamp": 1633626511.245753, "timestamps": [1633626628.5637283], "episode_lengths": [500], "episode_rewards": [500.0], "episode_types": ["t"]}