{"initial_reset_timestamp": 1633715846.6874204, "timestamps": [1633715874.3521001], "episode_lengths": [97], "episode_rewards": [97.0], "episode_types": ["t"]}