{"initial_reset_timestamp": 1633710451.9343119, "timestamps": [1633710464.264967], "episode_lengths": [43], "episode_rewards": [43.0], "episode_types": ["t"]}