{"initial_reset_timestamp": 1633622771.5751429, "timestamps": [1633622774.8514838], "episode_lengths": [9], "episode_rewards": [9.0], "episode_types": ["t"]}