{"initial_reset_timestamp": 1633622764.3135867, "timestamps": [1633622767.7382402], "episode_lengths": [10], "episode_rewards": [10.0], "episode_types": ["t"]}