{"initial_reset_timestamp": 1633626121.2150302, "timestamps": [1633626160.363637], "episode_lengths": [164], "episode_rewards": [164.0], "episode_types": ["t"]}