{"initial_reset_timestamp": 1633626335.6082976, "timestamps": [1633626408.5560868], "episode_lengths": [310], "episode_rewards": [310.0], "episode_types": ["t"]}