{"initial_reset_timestamp": 1633720374.1500602, "timestamps": [1633720411.459932], "episode_lengths": [142], "episode_rewards": [142.0], "episode_types": ["t"]}