{"initial_reset_timestamp": 1633632863.4163146, "timestamps": [1633632877.5527363], "episode_lengths": [56], "episode_rewards": [56.0], "episode_types": ["t"]}