{"initial_reset_timestamp": 1633710531.2367508, "timestamps": [1633710542.8453703], "episode_lengths": [41], "episode_rewards": [41.0], "episode_types": ["t"]}