{"initial_reset_timestamp": 1633711681.0154438, "timestamps": [1633711684.9003296], "episode_lengths": [10], "episode_rewards": [10.0], "episode_types": ["t"]}