{"initial_reset_timestamp": 1633711665.3374295, "timestamps": [1633711668.7562554], "episode_lengths": [9], "episode_rewards": [9.0], "episode_types": ["t"]}