{"initial_reset_timestamp": 1633624117.6644726, "timestamps": [1633624142.8048737], "episode_lengths": [96], "episode_rewards": [96.0], "episode_types": ["t"]}