{"initial_reset_timestamp": 1633727617.4773974, "timestamps": [1633727707.4564111], "episode_lengths": [350], "episode_rewards": [350.0], "episode_types": ["t"]}