{"initial_reset_timestamp": 1633715874.47121, "timestamps": [1633715914.389249], "episode_lengths": [143], "episode_rewards": [143.0], "episode_types": ["t"]}