{"initial_reset_timestamp": 1633710519.8924067, "timestamps": [1633710531.0997188], "episode_lengths": [40], "episode_rewards": [40.0], "episode_types": ["t"]}