{"initial_reset_timestamp": 1633742168.8983712, "timestamps": [1633742448.7665856], "episode_lengths": [500], "episode_rewards": [500.0], "episode_types": ["t"]}