{"initial_reset_timestamp": 1633740766.2488356, "timestamps": [1633741047.4708176], "episode_lengths": [500], "episode_rewards": [500.0], "episode_types": ["t"]}