{"initial_reset_timestamp": 1633622792.6465044, "timestamps": [1633622796.2143822], "episode_lengths": [10], "episode_rewards": [10.0], "episode_types": ["t"]}