{"initial_reset_timestamp": 1633709653.8046465, "timestamps": [1633709657.1994133], "episode_lengths": [9], "episode_rewards": [9.0], "episode_types": ["t"]}