{"initial_reset_timestamp": 1633624091.374959, "timestamps": [1633624117.5104368], "episode_lengths": [100], "episode_rewards": [100.0], "episode_types": ["t"]}