{"initial_reset_timestamp": 1633709671.2665896, "timestamps": [1633709674.5233247], "episode_lengths": [9], "episode_rewards": [9.0], "episode_types": ["t"]}