{"initial_reset_timestamp": 1633711653.9136293, "timestamps": [1633711657.9665542], "episode_lengths": [10], "episode_rewards": [10.0], "episode_types": ["t"]}