{"initial_reset_timestamp": 1633715802.138424, "timestamps": [1633715846.5544033], "episode_lengths": [159], "episode_rewards": [159.0], "episode_types": ["t"]}