{"initial_reset_timestamp": 1633621790.7779524, "timestamps": [1633621795.7313323], "episode_lengths": [15], "episode_rewards": [15.0], "episode_types": ["t"]}