{"initial_reset_timestamp": 1633720639.177865, "timestamps": [1633720677.129376], "episode_lengths": [145], "episode_rewards": [145.0], "episode_types": ["t"]}