{"initial_reset_timestamp": 1633621805.0968409, "timestamps": [1633621809.9208212], "episode_lengths": [14], "episode_rewards": [14.0], "episode_types": ["t"]}