{"initial_reset_timestamp": 1633632916.8864512, "timestamps": [1633632931.8570418], "episode_lengths": [60], "episode_rewards": [60.0], "episode_types": ["t"]}