{"initial_reset_timestamp": 1633624268.211287, "timestamps": [1633624295.35232], "episode_lengths": [105], "episode_rewards": [105.0], "episode_types": ["t"]}