{"initial_reset_timestamp": 1633621813.868444, "timestamps": [1633621817.7893908], "episode_lengths": [11], "episode_rewards": [11.0], "episode_types": ["t"]}