{"initial_reset_timestamp": 1633624191.6219504, "timestamps": [1633624219.6524298], "episode_lengths": [105], "episode_rewards": [105.0], "episode_types": ["t"]}