{"initial_reset_timestamp": 1633710475.266145, "timestamps": [1633710486.6141567], "episode_lengths": [41], "episode_rewards": [41.0], "episode_types": ["t"]}