{"initial_reset_timestamp": 1633629967.634219, "timestamps": [1633630084.1786985], "episode_lengths": [500], "episode_rewards": [500.0], "episode_types": ["t"]}