{"initial_reset_timestamp": 1633710464.3790572, "timestamps": [1633710475.1231117], "episode_lengths": [39], "episode_rewards": [39.0], "episode_types": ["t"]}