{"initial_reset_timestamp": 1633629891.4298596, "timestamps": [1633629967.4821842], "episode_lengths": [325], "episode_rewards": [325.0], "episode_types": ["t"]}