{"initial_reset_timestamp": 1633710509.2527082, "timestamps": [1633710519.7293694], "episode_lengths": [36], "episode_rewards": [36.0], "episode_types": ["t"]}