{"initial_reset_timestamp": 1633720525.9440672, "timestamps": [1633720563.4273815], "episode_lengths": [143], "episode_rewards": [143.0], "episode_types": ["t"]}