{"initial_reset_timestamp": 1633741888.6555183, "timestamps": [1633742168.7700562], "episode_lengths": [500], "episode_rewards": [500.0], "episode_types": ["t"]}