{"initial_reset_timestamp": 1631672390.8016698, "timestamps": [1631672612.0924666], "episode_lengths": [500], "episode_rewards": [500.0], "episode_types": ["t"]}