{"initial_reset_timestamp": 1633727959.0313947, "timestamps": [1633728060.0918329], "episode_lengths": [395], "episode_rewards": [395.0], "episode_types": ["t"]}