{"initial_reset_timestamp": 1633709650.1768277, "timestamps": [1633709653.7106261], "episode_lengths": [10], "episode_rewards": [10.0], "episode_types": ["t"]}