{"initial_reset_timestamp": 1633715775.0628119, "timestamps": [1633715802.0212576], "episode_lengths": [94], "episode_rewards": [94.0], "episode_types": ["t"]}