{"initial_reset_timestamp": 1633711646.5029662, "timestamps": [1633711650.3388233], "episode_lengths": [11], "episode_rewards": [11.0], "episode_types": ["t"]}