{"initial_reset_timestamp": 1633738826.3756864, "timestamps": [1633738942.7296581], "episode_lengths": [500], "episode_rewards": [500.0], "episode_types": ["t"]}