{"initial_reset_timestamp": 1633632962.0165093, "timestamps": [1633632980.3481262], "episode_lengths": [74], "episode_rewards": [74.0], "episode_types": ["t"]}