{"initial_reset_timestamp": 1633713138.2741876, "timestamps": [1633713150.3346746], "episode_lengths": [42], "episode_rewards": [42.0], "episode_types": ["t"]}