{"initial_reset_timestamp": 1633739409.3342469, "timestamps": [1633739526.030175], "episode_lengths": [500], "episode_rewards": [500.0], "episode_types": ["t"]}