{"initial_reset_timestamp": 1633632932.0100753, "timestamps": [1633632946.9937747], "episode_lengths": [60], "episode_rewards": [60.0], "episode_types": ["t"]}