{"initial_reset_timestamp": 1633621103.2197795, "timestamps": [1633621106.7725806], "episode_lengths": [8], "episode_rewards": [8.0], "episode_types": ["t"]}