{"initial_reset_timestamp": 1633739292.5837286, "timestamps": [1633739409.19422], "episode_lengths": [500], "episode_rewards": [500.0], "episode_types": ["t"]}