{"initial_reset_timestamp": 1633710496.8949087, "timestamps": [1633710509.1106732], "episode_lengths": [43], "episode_rewards": [43.0], "episode_types": ["t"]}