{"initial_reset_timestamp": 1633739175.6186366, "timestamps": [1633739292.4496996], "episode_lengths": [500], "episode_rewards": [500.0], "episode_types": ["t"]}