{"initial_reset_timestamp": 1633713032.897949, "timestamps": [1633713053.0976827], "episode_lengths": [73], "episode_rewards": [73.0], "episode_types": ["t"]}