{"initial_reset_timestamp": 1633713129.3184288, "timestamps": [1633713138.1181526], "episode_lengths": [30], "episode_rewards": [30.0], "episode_types": ["t"]}