{"initial_reset_timestamp": 1633727707.58745, "timestamps": [1633727831.6649835], "episode_lengths": [500], "episode_rewards": [500.0], "episode_types": ["t"]}