{"initial_reset_timestamp": 1633720451.6985247, "timestamps": [1633720486.9902039], "episode_lengths": [135], "episode_rewards": [135.0], "episode_types": ["t"]}