{"initial_reset_timestamp": 1633728398.4159212, "timestamps": [1633728498.6603575], "episode_lengths": [395], "episode_rewards": [395.0], "episode_types": ["t"]}