{"initial_reset_timestamp": 1633621795.9034915, "timestamps": [1633621800.8594742], "episode_lengths": [15], "episode_rewards": [15.0], "episode_types": ["t"]}