{"initial_reset_timestamp": 1633621810.0388567, "timestamps": [1633621813.7294016], "episode_lengths": [10], "episode_rewards": [10.0], "episode_types": ["t"]}