{"initial_reset_timestamp": 1633622775.0036287, "timestamps": [1633622778.5651357], "episode_lengths": [9], "episode_rewards": [9.0], "episode_types": ["t"]}