{"initial_reset_timestamp": 1633626672.9451327, "timestamps": [1633626720.6916382], "episode_lengths": [200], "episode_rewards": [200.0], "episode_types": ["t"]}