{"initial_reset_timestamp": 1633720677.2733998, "timestamps": [1633720717.0581987], "episode_lengths": [153], "episode_rewards": [153.0], "episode_types": ["t"]}