{"initial_reset_timestamp": 1633632897.1895657, "timestamps": [1633632916.7404187], "episode_lengths": [80], "episode_rewards": [80.0], "episode_types": ["t"]}