{"initial_reset_timestamp": 1633738468.5425134, "timestamps": [1633738589.9730165], "episode_lengths": [500], "episode_rewards": [500.0], "episode_types": ["t"]}