{"initial_reset_timestamp": 1633739059.189207, "timestamps": [1633739175.4956179], "episode_lengths": [500], "episode_rewards": [500.0], "episode_types": ["t"]}