{"initial_reset_timestamp": 1633626253.920199, "timestamps": [1633626288.6470652], "episode_lengths": [144], "episode_rewards": [144.0], "episode_types": ["t"]}