{"initial_reset_timestamp": 1633727490.4598117, "timestamps": [1633727617.323195], "episode_lengths": [500], "episode_rewards": [500.0], "episode_types": ["t"]}