{"initial_reset_timestamp": 1633716082.6883416, "timestamps": [1633716139.720303], "episode_lengths": [212], "episode_rewards": [212.0], "episode_types": ["t"]}