{"initial_reset_timestamp": 1633709643.4133108, "timestamps": [1633709646.3989847], "episode_lengths": [8], "episode_rewards": [8.0], "episode_types": ["t"]}