{"initial_reset_timestamp": 1633720338.214793, "timestamps": [1633720374.031042], "episode_lengths": [136], "episode_rewards": [136.0], "episode_types": ["t"]}