{"initial_reset_timestamp": 1633621106.8806052, "timestamps": [1633621110.4674249], "episode_lengths": [9], "episode_rewards": [9.0], "episode_types": ["t"]}