{"initial_reset_timestamp": 1633626473.90505, "timestamps": [1633626511.098917], "episode_lengths": [155], "episode_rewards": [155.0], "episode_types": ["t"]}