{"initial_reset_timestamp": 1633624167.6292887, "timestamps": [1633624191.4308598], "episode_lengths": [88], "episode_rewards": [88.0], "episode_types": ["t"]}