{"initial_reset_timestamp": 1633720411.586962, "timestamps": [1633720451.5794983], "episode_lengths": [153], "episode_rewards": [153.0], "episode_types": ["t"]}