{"initial_reset_timestamp": 1633709668.1568964, "timestamps": [1633709671.1565642], "episode_lengths": [8], "episode_rewards": [8.0], "episode_types": ["t"]}