{"initial_reset_timestamp": 1633629594.4569182, "timestamps": [1633629711.3856618], "episode_lengths": [500], "episode_rewards": [500.0], "episode_types": ["t"]}