{"initial_reset_timestamp": 1633709657.3184402, "timestamps": [1633709660.6742072], "episode_lengths": [9], "episode_rewards": [9.0], "episode_types": ["t"]}