{"initial_reset_timestamp": 1633621091.6730974, "timestamps": [1633621095.8940597], "episode_lengths": [10], "episode_rewards": [10.0], "episode_types": ["t"]}