{"initial_reset_timestamp": 1633626628.7077615, "timestamps": [1633626672.7879844], "episode_lengths": [185], "episode_rewards": [185.0], "episode_types": ["t"]}