{"initial_reset_timestamp": 1633728271.8862882, "timestamps": [1633728398.2728977], "episode_lengths": [500], "episode_rewards": [500.0], "episode_types": ["t"]}