{"initial_reset_timestamp": 1633624219.8145738, "timestamps": [1633624244.5714195], "episode_lengths": [95], "episode_rewards": [95.0], "episode_types": ["t"]}