{"initial_reset_timestamp": 1633713103.6122656, "timestamps": [1633713129.1991327], "episode_lengths": [95], "episode_rewards": [95.0], "episode_types": ["t"]}