{"initial_reset_timestamp": 1633622778.6741552, "timestamps": [1633622782.2485912], "episode_lengths": [10], "episode_rewards": [10.0], "episode_types": ["t"]}