{"initial_reset_timestamp": 1633741047.6128502, "timestamps": [1633741327.5619771], "episode_lengths": [500], "episode_rewards": [500.0], "episode_types": ["t"]}