{"initial_reset_timestamp": 1633629360.0091822, "timestamps": [1633629477.023062], "episode_lengths": [500], "episode_rewards": [500.0], "episode_types": ["t"]}