{"initial_reset_timestamp": 1633727831.8230186, "timestamps": [1633727958.8983555], "episode_lengths": [500], "episode_rewards": [500.0], "episode_types": ["t"]}