{"initial_reset_timestamp": 1633622789.2138536, "timestamps": [1633622792.5054777], "episode_lengths": [9], "episode_rewards": [9.0], "episode_types": ["t"]}