{"initial_reset_timestamp": 1633626288.8401306, "timestamps": [1633626335.4682662], "episode_lengths": [195], "episode_rewards": [195.0], "episode_types": ["t"]}