{"initial_reset_timestamp": 1633632947.1498008, "timestamps": [1633632961.8644745], "episode_lengths": [59], "episode_rewards": [59.0], "episode_types": ["t"]}