{"initial_reset_timestamp": 1633728060.2248626, "timestamps": [1633728161.3570244], "episode_lengths": [395], "episode_rewards": [395.0], "episode_types": ["t"]}