{"initial_reset_timestamp": 1633629711.5487068, "timestamps": [1633629815.390268], "episode_lengths": [443], "episode_rewards": [443.0], "episode_types": ["t"]}