{"initial_reset_timestamp": 1633626160.5297432, "timestamps": [1633626253.7611728], "episode_lengths": [396], "episode_rewards": [396.0], "episode_types": ["t"]}