{"initial_reset_timestamp": 1633630084.3347247, "timestamps": [1633630201.1597302], "episode_lengths": [500], "episode_rewards": [500.0], "episode_types": ["t"]}