{"initial_reset_timestamp": 1633713166.3259258, "timestamps": [1633713179.9781096], "episode_lengths": [49], "episode_rewards": [49.0], "episode_types": ["t"]}