{"initial_reset_timestamp": 1633621110.5914433, "timestamps": [1633621114.5566428], "episode_lengths": [10], "episode_rewards": [10.0], "episode_types": ["t"]}