{"initial_reset_timestamp": 1633622767.8442492, "timestamps": [1633622771.4170327], "episode_lengths": [10], "episode_rewards": [10.0], "episode_types": ["t"]}