{"initial_reset_timestamp": 1633738708.7949295, "timestamps": [1633738826.2526588], "episode_lengths": [500], "episode_rewards": [500.0], "episode_types": ["t"]}