{"initial_reset_timestamp": 1633715951.6114085, "timestamps": [1633716002.0993345], "episode_lengths": [188], "episode_rewards": [188.0], "episode_types": ["t"]}