{"initial_reset_timestamp": 1633713065.657483, "timestamps": [1633713090.247525], "episode_lengths": [91], "episode_rewards": [91.0], "episode_types": ["t"]}