{"initial_reset_timestamp": 1633621076.1295898, "timestamps": [1633621080.1104867], "episode_lengths": [10], "episode_rewards": [10.0], "episode_types": ["t"]}