{"initial_reset_timestamp": 1633720563.559412, "timestamps": [1633720600.0698547], "episode_lengths": [137], "episode_rewards": [137.0], "episode_types": ["t"]}