{"initial_reset_timestamp": 1633716033.3255334, "timestamps": [1633716082.582318], "episode_lengths": [180], "episode_rewards": [180.0], "episode_types": ["t"]}