{"initial_reset_timestamp": 1633720600.1798801, "timestamps": [1633720639.0588527], "episode_lengths": [150], "episode_rewards": [150.0], "episode_types": ["t"]}