{"initial_reset_timestamp": 1633715914.5215387, "timestamps": [1633715951.4611914], "episode_lengths": [132], "episode_rewards": [132.0], "episode_types": ["t"]}