{"initial_reset_timestamp": 1633711658.0865712, "timestamps": [1633711661.6483757], "episode_lengths": [9], "episode_rewards": [9.0], "episode_types": ["t"]}