{"initial_reset_timestamp": 1633621080.2435193, "timestamps": [1633621083.8973417], "episode_lengths": [9], "episode_rewards": [9.0], "episode_types": ["t"]}