{"initial_reset_timestamp": 1633711668.862322, "timestamps": [1633711672.605514], "episode_lengths": [10], "episode_rewards": [10.0], "episode_types": ["t"]}