{"initial_reset_timestamp": 1633710429.804325, "timestamps": [1633710439.3174634], "episode_lengths": [31], "episode_rewards": [31.0], "episode_types": ["t"]}