{"initial_reset_timestamp": 1633741608.2771523, "timestamps": [1633741888.5344887], "episode_lengths": [500], "episode_rewards": [500.0], "episode_types": ["t"]}