{"initial_reset_timestamp": 1633711672.7195706, "timestamps": [1633711676.9405243], "episode_lengths": [12], "episode_rewards": [12.0], "episode_types": ["t"]}