{"initial_reset_timestamp": 1633632980.4931514, "timestamps": [1633632998.0022244], "episode_lengths": [71], "episode_rewards": [71.0], "episode_types": ["t"]}