{"initial_reset_timestamp": 1633632877.715765, "timestamps": [1633632897.018516], "episode_lengths": [79], "episode_rewards": [79.0], "episode_types": ["t"]}