{"initial_reset_timestamp": 1633632832.3468494, "timestamps": [1633632845.381265], "episode_lengths": [52], "episode_rewards": [52.0], "episode_types": ["t"]}