{"initial_reset_timestamp": 1633713162.8049126, "timestamps": [1633713166.1646802], "episode_lengths": [9], "episode_rewards": [9.0], "episode_types": ["t"]}