{"initial_reset_timestamp": 1633624142.955902, "timestamps": [1633624167.4892092], "episode_lengths": [94], "episode_rewards": [94.0], "episode_types": ["t"]}