{"initial_reset_timestamp": 1633711661.8094122, "timestamps": [1633711665.1884053], "episode_lengths": [9], "episode_rewards": [9.0], "episode_types": ["t"]}