{"initial_reset_timestamp": 1633621777.0859983, "timestamps": [1633621781.5672135], "episode_lengths": [13], "episode_rewards": [13.0], "episode_types": ["t"]}