{"initial_reset_timestamp": 1633709660.823231, "timestamps": [1633709664.3340237], "episode_lengths": [10], "episode_rewards": [10.0], "episode_types": ["t"]}