{"initial_reset_timestamp": 1633710439.4564948, "timestamps": [1633710451.7852771], "episode_lengths": [41], "episode_rewards": [41.0], "episode_types": ["t"]}