{"initial_reset_timestamp": 1633739643.1337154, "timestamps": [1633739924.6163638], "episode_lengths": [500], "episode_rewards": [500.0], "episode_types": ["t"]}