{"initial_reset_timestamp": 1633621785.7466555, "timestamps": [1633621790.6548276], "episode_lengths": [15], "episode_rewards": [15.0], "episode_types": ["t"]}