{"initial_reset_timestamp": 1633740484.2636237, "timestamps": [1633740766.0988028], "episode_lengths": [500], "episode_rewards": [500.0], "episode_types": ["t"]}