{"initial_reset_timestamp": 1633709646.5260036, "timestamps": [1633709650.045808], "episode_lengths": [10], "episode_rewards": [10.0], "episode_types": ["t"]}