{"initial_reset_timestamp": 1633621800.966506, "timestamps": [1633621804.9819334], "episode_lengths": [11], "episode_rewards": [11.0], "episode_types": ["t"]}