{"initial_reset_timestamp": 1633739526.1681972, "timestamps": [1633739642.7686327], "episode_lengths": [500], "episode_rewards": [500.0], "episode_types": ["t"]}