{"initial_reset_timestamp": 1633709664.4340463, "timestamps": [1633709668.0658667], "episode_lengths": [10], "episode_rewards": [10.0], "episode_types": ["t"]}