{"initial_reset_timestamp": 1633630201.3107727, "timestamps": [1633630318.173202], "episode_lengths": [500], "episode_rewards": [500.0], "episode_types": ["t"]}