{"initial_reset_timestamp": 1633629815.5353017, "timestamps": [1633629853.4551187], "episode_lengths": [159], "episode_rewards": [159.0], "episode_types": ["t"]}