{"initial_reset_timestamp": 1633626408.712122, "timestamps": [1633626473.7660089], "episode_lengths": [271], "episode_rewards": [271.0], "episode_types": ["t"]}