{"initial_reset_timestamp": 1633716139.8833404, "timestamps": [1633716173.5206048], "episode_lengths": [118], "episode_rewards": [118.0], "episode_types": ["t"]}