{"initial_reset_timestamp": 1633624320.2745597, "timestamps": [1633624344.6687346], "episode_lengths": [94], "episode_rewards": [94.0], "episode_types": ["t"]}