{"initial_reset_timestamp": 1633624295.499532, "timestamps": [1633624320.1565325], "episode_lengths": [95], "episode_rewards": [95.0], "episode_types": ["t"]}