{"initial_reset_timestamp": 1633710486.7521765, "timestamps": [1633710496.7178664], "episode_lengths": [35], "episode_rewards": [35.0], "episode_types": ["t"]}