{"initial_reset_timestamp": 1633632845.526298, "timestamps": [1633632863.2642703], "episode_lengths": [72], "episode_rewards": [72.0], "episode_types": ["t"]}