{"initial_reset_timestamp": 1633728498.7873864, "timestamps": [1633728583.2115467], "episode_lengths": [327], "episode_rewards": [327.0], "episode_types": ["t"]}