{"initial_reset_timestamp": 1633716002.2313962, "timestamps": [1633716033.181509], "episode_lengths": [113], "episode_rewards": [113.0], "episode_types": ["t"]}