{"initial_reset_timestamp": 1633621781.7192464, "timestamps": [1633621785.6396315], "episode_lengths": [11], "episode_rewards": [11.0], "episode_types": ["t"]}