{"initial_reset_timestamp": 1633629477.172105, "timestamps": [1633629594.2728858], "episode_lengths": [500], "episode_rewards": [500.0], "episode_types": ["t"]}