{"initial_reset_timestamp": 1633711677.0605502, "timestamps": [1633711680.9064276], "episode_lengths": [10], "episode_rewards": [10.0], "episode_types": ["t"]}