{"initial_reset_timestamp": 1633622796.3784351, "timestamps": [1633622799.4397814], "episode_lengths": [8], "episode_rewards": [8.0], "episode_types": ["t"]}