{"initial_reset_timestamp": 1633738942.8656871, "timestamps": [1633739059.0511854], "episode_lengths": [500], "episode_rewards": [500.0], "episode_types": ["t"]}