{"initial_reset_timestamp": 1633629853.6071532, "timestamps": [1633629891.258821], "episode_lengths": [158], "episode_rewards": [158.0], "episode_types": ["t"]}