{"initial_reset_timestamp": 1631451029.7235515, "timestamps": [1631451246.7055378], "episode_lengths": [500], "episode_rewards": [500.0], "episode_types": ["t"]}