{"initial_reset_timestamp": 1633621772.104317, "timestamps": [1633621776.9529784], "episode_lengths": [13], "episode_rewards": [13.0], "episode_types": ["t"]}