{"initial_reset_timestamp": 1633713150.459704, "timestamps": [1633713162.6608894], "episode_lengths": [43], "episode_rewards": [43.0], "episode_types": ["t"]}