{"initial_reset_timestamp": 1633622782.4038851, "timestamps": [1633622785.6063871], "episode_lengths": [8], "episode_rewards": [8.0], "episode_types": ["t"]}