{"initial_reset_timestamp": 1633621083.9863622, "timestamps": [1633621087.8382318], "episode_lengths": [9], "episode_rewards": [9.0], "episode_types": ["t"]}