{"initial_reset_timestamp": 1633739924.7413826, "timestamps": [1633740205.421451], "episode_lengths": [500], "episode_rewards": [500.0], "episode_types": ["t"]}