{"initial_reset_timestamp": 1633728161.4950464, "timestamps": [1633728271.739255], "episode_lengths": [433], "episode_rewards": [433.0], "episode_types": ["t"]}