{"initial_reset_timestamp": 1633624244.6894467, "timestamps": [1633624268.0882592], "episode_lengths": [90], "episode_rewards": [90.0], "episode_types": ["t"]}