{"initial_reset_timestamp": 1633720487.098217, "timestamps": [1633720525.8280418], "episode_lengths": [148], "episode_rewards": [148.0], "episode_types": ["t"]}